Model,Test Accuracy,Test F1-Score,Test ROC-AUC,CV Accuracy (mean±std),CV F1-Score (mean±std)
Stacking Ensemble,0.8325581395348837,0.8284682347624658,0.8867853085952292,0.8563±0.0363,0.8554±0.0371
Random Forest,0.8348837209302326,0.8276832626006206,0.8846081029912911,0.8679±0.0393,0.8668±0.0404
LightGBM,0.8255813953488372,0.8198479023523604,0.8519026883756152,0.8512±0.0380,0.8502±0.0388
CatBoost,0.8162790697674419,0.8142740828975475,0.8765619083680424,0.8654±0.0271,0.8648±0.0271
XGBoost,0.8116279069767441,0.8114861571748592,0.8687287012495267,0.8538±0.0332,0.8530±0.0335
Naive Bayes,0.7674418604651163,0.7704983907795382,0.844613782658084,0.7601±0.0173,0.7598±0.0174
Decision Tree,0.7534883720930232,0.7554500943739286,0.83318345323741,0.7961±0.0283,0.7958±0.0284
SVM,0.7465116279069768,0.7361663120711207,0.7796289284361985,0.8604±0.0456,0.8599±0.0454
MLP,0.7209302325581395,0.7165239751740036,0.7476571374479364,0.8057±0.0525,0.8051±0.0520
Logistic Regression,0.7046511627906977,0.7109925357628067,0.8391471033699356,0.7444±0.0144,0.7441±0.0145
KNN,0.6348837209302326,0.6423461875651767,0.6606399091253313,0.7698±0.0422,0.7651±0.0417
