iter	Passed	Remaining
0	10	208511	18	184522	27	177333	34	171244	42	166655	50	163266	57	157577	63	153488	73	155599	81	1539110	88	1520111	93	1471112	103	1491113	110	1471414	118	1461515	126	1451116	134	1441717	141	1421818	148	1411919	157	1412020	163	1392121	174	1402222	181	1392323	189	1382424	196	1372525	204	1362626	211	1352727	218	1342828	227	1332929	234	1333030	242	1323131	250	1313232	259	1313333	266	1303434	273	1293535	280	1283636	288	1273737	296	1263838	305	1253939	315	1264040	322	1244141	329	1234242	337	1234343	344	1224444	352	1214545	360	1204646	367	1194747	377	1194848	386	1184949	395	1185050	404	1185151	413	1177
52	425	1180
53	435	1176
54	442	1165
55	449	1156
56	459	1153
57	467	1145
58	475	1136
59	483	1128
60	490	1116
61	499	1110
62	506	1100
63	515	1094
64	522	1085
65	530	1077
66	536	1065
67	544	1057
68	552	1048
69	561	1042
70	568	1033
71	577	1026
72	586	1019
73	593	1011
74	603	1005
75	613	1000
76	621	992
77	628	983
78	675	1034
79	685	1028
80	701	1031
81	710	1022
82	718	1012
83	726	1003
84	736	995
85	745	987
86	752	977
87	760	967
88	769	959
89	777	950
90	785	941
91	794	932
92	804	925
93	812	916
94	820	907
95	829	898
96	836	888
97	843	877
98	850	867
99	859	859
100	867	850
101	874	840
102	883	831
103	893	824
104	903	817
105	911	808
106	919	798
107	927	789
108	934	780
109	942	771
110	950	762
111	958	752
112	966	743
113	974	734
114	982	726
115	991	717
116	999	709
117	1008	700
118	1017	692
119	1024	683
120	1032	673
121	1039	664
122	1047	655
123	1056	647
124	1064	638
125	1071	629
126	1080	621
127	1087	611
128	1096	603
129	1104	594
130	1113	586
131	1122	578
132	1132	570
133	1139	561
134	1146	552
135	1155	543
136	1163	534
137	1171	526
138	1179	517
139	1187	508
140	1195	500
141	1204	491
142	1212	483
143	1220	474
144	1229	466
145	1236	457
146	1245	448
147	1253	440
148	1262	432
149	1269	423
150	1278	414
151	1285	406
152	1293	397
153	1300	388
154	1308	379
155	1317	371
156	1325	363
157	1334	354
158	1343	346
159	1352	338
160	1360	329
161	1370	321
162	1378	312
163	1386	304
164	1394	295
165	1403	287
166	1411	278
167	1418	270
168	1425	261
169	1434	253
170	1444	244
171	1452	236
172	1460	227
173	1468	219
174	1477	211
175	1486	202
176	1494	194
177	1503	185
178	1513	177
179	1523	169
180	1532	160
181	1542	152
182	1550	143
183	1559	135
184	1567	127
185	1578	118
186	1588	110
187	1598	102
188	1606	93
189	1613	84
190	1618	76
191	1622	67
192	1626	59
193	1630	50
194	1635	41
195	1638	33
196	1642	25
197	1646	16
198	1650	8
199	1654	0
